{"lastFetched":"2020-02-11T10:16:02.645Z","status":"ok","totalResults":329,"articles":[{"source":{"id":"the-washington-post","name":"The Washington Post"},"author":null,"title":"Live updates: China urges countries to restore ties for sake of global economy as coronavirus deaths pass 1,000","description":"In the Wuhan epicenter authorities are tightening restrictions on residents to prevent the virus from spreading, as deaths in China top 1,000.","url":"https://www.washingtonpost.com/world/asia_pacific/coronavirus-china-live-updates/2020/02/11/2b8de3ba-4c5c-11ea-b721-9f4cdc90bc1c_story.html#link-4FFV6OEFKQ4XLLGC2ACH6D7LKI","urlToImage":"https://www.washingtonpost.com/resizer/qi5QKnDx9HhUjKNg2IFJzAPxpd4=/1440x0/smart/arc-anglerfish-washpost-prod-washpost.s3.amazonaws.com/public/VUNAF2SMQEI6VG245LC3C3NPVI.jpg","publishedAt":"2020-02-11T10:08:59.6215085Z","content":"BEIJING Chinas Internet supervisor called on Tuesday for stricter controls on personal information, after the widespread leaking of the personal details of people from Wuhan, those who had visited the city and anyone else infected with coronavirus.\r\nPeople re… [+2017 chars]"},{"source":{"id":"techcrunch","name":"TechCrunch"},"author":"Anthony Ha","title":"Streaming accounts for nearly one-fifth of total U.S. TV watching, according to Nielsen","description":"Streaming eats up a big chunk of viewers’ time, though it’s still outweighed by traditional linear TV. That’s according to the latest Total Audience Report from Nielsen — its first Total Audience Report to use smart TV data from Gracenote, and one that’s part…","url":"https://techcrunch.com/2020/02/11/nielsen-streaming-wars-total-audience-report/","urlToImage":"https://techcrunch.com/wp-content/uploads/2016/02/net_cic_liv_001_dp_4k_v01_2.jpg?w=711","publishedAt":"2020-02-11T10:00:40Z","content":"Streaming eats up a big chunk of viewers’ time, though it’s still outweighed by traditional linear TV.\r\nThat’s according to the latest Total Audience Report from Nielsen its first Total Audience Report to use smart TV data from Gracenote, and one that’s parti… [+2175 chars]"},{"source":{"id":"abc-news","name":"ABC News"},"author":"Kelly Terez, Jon Haworth","title":"'Start Here': Sanders, Buttigieg, and the New Hampshire primary","description":"","url":"https://abcnews.go.com/US/start-here-sanders-buttigieg-hampshire-primary/story?id=68884380","urlToImage":"https://s.abcnews.com/images/US/sanders-3-ap-er-200210_hpMain_16x9_992.jpg","publishedAt":"2020-02-11T09:59:42Z","content":"It's Tuesday, Feb. 11, 2020. Let's start here.\r\n1. Granite State primary\r\nNew Hampshire voters are heading to the polls today for their first-in-the-nation primary with many still unsure of who should take on President Donald Trump in the 2020 election.\r\nOn t… [+2621 chars]"},{"source":{"id":"reuters","name":"Reuters"},"author":"Reuters Editorial","title":"Factbox: Key winners at the 2020 Academy Awards","description":"The Academy Awards, the highest honors in the movie industry, were handed out on Sunday at a ceremony in Hollywood.","url":"http://feeds.reuters.com/~r/reuters/topNews/~3/igJpTc0kuS8/factbox-key-winners-at-the-2020-academy-awards-idUSKBN2040CV","urlToImage":"https://s4.reutersmedia.net/resources_v2/images/rcom-default.png","publishedAt":"2020-02-11T09:58:04Z","content":"LOS ANGELES (Reuters) - The Academy Awards, the highest honors in the movie industry, were handed out on Sunday at a ceremony in Hollywood. \r\nFollowing is a list of winners in key categories: \r\nBest Picture \r\n“Parasite” (Neon) \r\nBest Actor \r\nJoaquin Phoenix -… [+609 chars]"},{"source":{"id":"techcrunch","name":"TechCrunch"},"author":"Natasha Lomas","title":"A list of MWC coronavirus cancellations so far","description":"The world’s biggest mobile tradeshow, Mobile World Congress (MWC), is due to take place in Barcelona just under two weeks’ time, on February 24-27. The annual international telco industry event typically attracts more than 100,000 delegates from around 200 co…","url":"https://techcrunch.com/2020/02/11/a-list-of-mwc-coronavirus-cancellations-so-far/","urlToImage":"https://techcrunch.com/wp-content/uploads/2018/02/photo-26-02-2018-12-57-441.jpg?w=554","publishedAt":"2020-02-11T09:56:58Z","content":"The world’s biggest mobile tradeshow, Mobile World Congress (MWC), is due to take place in Barcelona just under two weeks’ time, on February 24-27.\r\nThe annual international telco industry event typically attracts more than 100,000 delegates from around 200 c… [+1342 chars]"},{"source":{"id":"reuters","name":"Reuters"},"author":"Jamie Freed","title":"Airbus confident can sell more than 1,000 A321XLRs over 10 years","description":"Airbus SE is confident of selling more than 1,000 A321XLR aircraft, a longer-range version of the single-aisle A321neo jetliner, over the next 10 years, a senior executive at the manufacturer said on Tuesday.","url":"http://feeds.reuters.com/~r/reuters/topNews/~3/K49dWbkFIkY/airbus-confident-can-sell-more-than-1000-a321xlrs-over-10-years-idUSKBN2050QV","urlToImage":"https://s4.reutersmedia.net/resources_v2/images/rcom-default.png","publishedAt":"2020-02-11T09:50:05Z","content":"SINGAPORE (Reuters) - Airbus SE (AIR.PA) is confident of selling more than 1,000 A321XLR aircraft, a longer-range version of the single-aisle A321neo jetliner, over the next 10 years, a senior executive at the manufacturer said on Tuesday. \r\nThe forecast incl… [+1720 chars]"},{"source":{"id":"bbc-news","name":"BBC News"},"author":"BBC News","title":"Queen's grandson and his wife to divorce","description":"Peter Phillips and his wife Autumn say their separation is best for their two daughters.","url":"http://www.bbc.co.uk/news/uk-51459492","urlToImage":"https://ichef.bbci.co.uk/news/1024/branded_news/3C91/production/_110850551_hi059877975.jpg","publishedAt":"2020-02-11T09:45:49Z","content":"Image copyrightPA Wire\r\nThe Queen's grandson Peter Phillips and his wife Autumn have confirmed they have separated.\r\nA statement issued on their behalf said the decision to divorce was \"the best course of action for their two children and ongoing friendship\".… [+194 chars]"},{"source":{"id":"reuters","name":"Reuters"},"author":"Jill Serjeant","title":"South Korea's 'Parasite' beats Hollywood greats to make Oscar history","description":"\"Parasite,\" a dark social satire from South Korea, won the Oscar for best picture on Sunday, making history as the first film in a language other than English to claim the movie industry's highest honor.","url":"http://feeds.reuters.com/~r/reuters/topNews/~3/ZWnfSX_PmbY/south-koreas-parasite-beats-hollywood-greats-to-make-oscar-history-idUSKBN2030TC","urlToImage":"https://s4.reutersmedia.net/resources/r/?m=02&d=20200210&t=2&i=1488235710&w=1200&r=LYNXMPEG190CV","publishedAt":"2020-02-11T09:44:33Z","content":"LOS ANGELES (Reuters) - “Parasite,” a dark social satire from South Korea, won the Oscar for best picture on Sunday, making history as the first film in a language other than English to claim the movie industry’s highest honor. \r\n“Parasite,” about the gap bet… [+3767 chars]"},{"source":{"id":"reuters","name":"Reuters"},"author":"Sangmi Cha","title":"Breaking the subtitle barrier: South Koreans celebrate historic Oscar wins of 'Parasite'","description":"South Korean social media erupted in celebration on Monday after the dark comedy \"Parasite\" became the first non-English language movie to win the Best Picture award, already having netted three other Oscars in a historic first for the country.","url":"http://feeds.reuters.com/~r/reuters/topNews/~3/vYGf27wakQY/breaking-the-subtitle-barrier-south-koreans-celebrate-historic-oscar-wins-of-parasite-idUSKBN20409L","urlToImage":"https://s3.reutersmedia.net/resources/r/?m=02&d=20200210&t=2&i=1488428341&w=1200&r=LYNXMPEG190HK","publishedAt":"2020-02-11T09:44:33Z","content":"SEOUL (Reuters) - South Korean social media erupted in celebration on Monday after the dark comedy “Parasite” became the first non-English language movie to win the Best Picture award, already having netted three other Oscars in a historic first for the count… [+4068 chars]"},{"source":{"id":"the-washington-post","name":"The Washington Post"},"author":null,"title":"Coronavirus live updates: Ambulances wait to take patients off virus-ravaged cruise ship","description":"In the Wuhan epicenter authorities are tightening restrictions on residents to prevent the virus from spreading, as deaths in China top 1,000.","url":"https://www.washingtonpost.com/world/asia_pacific/coronavirus-china-live-updates/2020/02/11/2b8de3ba-4c5c-11ea-b721-9f4cdc90bc1c_story.html#link-DMOKQPSHGU2NZLBINF6HVVLWOQ","urlToImage":"https://www.washingtonpost.com/resizer/qi5QKnDx9HhUjKNg2IFJzAPxpd4=/1440x0/smart/arc-anglerfish-washpost-prod-washpost.s3.amazonaws.com/public/VUNAF2SMQEI6VG245LC3C3NPVI.jpg","publishedAt":"2020-02-11T09:38:58.9130947Z","content":"BEIJING Chinas Internet supervisor called on Tuesday for stricter controls on personal information, after the widespread leaking of the personal details of people from Wuhan, those who had visited the city and anyone else infected with coronavirus.\r\nPeople re… [+2017 chars]"},{"source":{"id":"the-washington-post","name":"The Washington Post"},"author":null,"title":"Coronavirus live updates: Ambulances wait to take patients off virus-ravaged cruise ship","description":"In the Wuhan epicenter authorities are tightening restrictions on residents to prevent the virus from spreading, as deaths in China top 1,000.","url":"https://www.washingtonpost.com/world/asia_pacific/coronavirus-china-live-updates/2020/02/11/2b8de3ba-4c5c-11ea-b721-9f4cdc90bc1c_story.html","urlToImage":"https://www.washingtonpost.com/resizer/qi5QKnDx9HhUjKNg2IFJzAPxpd4=/1440x0/smart/arc-anglerfish-washpost-prod-washpost.s3.amazonaws.com/public/VUNAF2SMQEI6VG245LC3C3NPVI.jpg","publishedAt":"2020-02-11T09:38:49.3549251Z","content":"BEIJING Chinas Internet supervisor called on Tuesday for stricter controls on personal information, after the widespread leaking of the personal details of people from Wuhan, those who had visited the city and anyone else infected with coronavirus.\r\nPeople re… [+2017 chars]"},{"source":{"id":"reuters","name":"Reuters"},"author":"Patpicha Tanakasempipat","title":"Facebook's 'double-edged sword' in Thai carnage","description":"Facebook celebrity doctor Parkphum Dejhutsadin said his phone suddenly started pinging on Saturday - scores of his two million followers in Thailand were desperate and they needed his help.","url":"http://feeds.reuters.com/~r/reuters/topNews/~3/odZieqFC6Bw/facebooks-double-edged-sword-in-thai-carnage-idUSKBN2050T6","urlToImage":"https://s2.reutersmedia.net/resources/r/?m=02&d=20200211&t=2&i=1488730840&w=1200&r=LYNXMPEG1A0TB","publishedAt":"2020-02-11T09:38:48Z","content":"NAKHON RATCHASIMA, Thailand (Reuters) - Facebook celebrity doctor Parkphum Dejhutsadin said his phone suddenly started pinging on Saturday - scores of his two million followers in Thailand were desperate and they needed his help. \r\nWith nowhere to turn as the… [+5788 chars]"},{"source":{"id":"techcrunch","name":"TechCrunch"},"author":"Mike Butcher","title":"Middle East healthcare platform Vezeeta raises $40M Series D led by  Gulf Capital","description":"Vezeeta, a healthcare platform operating in the Middle East and Africa, has raised a $40 Million Series D funding round led by UAE-based Gulf Capital, alongside further investment from existing Riyadh-based investor Saudi Technology Ventures (STV), which prev…","url":"https://techcrunch.com/2020/02/11/middle-east-healthcare-platform-vezeeta-raises-40m-series-d-led-by-gulf-capital/","urlToImage":"https://techcrunch.com/wp-content/uploads/2020/02/Option-2.jpg?w=600","publishedAt":"2020-02-11T09:31:34Z","content":"Vezeeta, a healthcare platform operating in the Middle East and Africa, has raised a $40 Million Series D funding round led by UAE-based Gulf Capital, alongside further investment from existing Riyadh-based investor Saudi Technology Ventures (STV), which prev… [+2974 chars]"},{"source":{"id":"techcrunch","name":"TechCrunch"},"author":"Manish Singh","title":"MoEngage lands $25M for its mobile-first customer engagement platform","description":"MoEngage, a San Francisco and Bangalore-based startup that helps firms better understand their customers and improve their engagement, has raised $25 million in a new financing round as it looks to grow its network in Asian markets. The new financing round, S…","url":"https://techcrunch.com/2020/02/11/moengage-lands-25m-for-its-mobile-first-customer-engagement-platform/","urlToImage":"https://techcrunch.com/wp-content/uploads/2020/02/moengage_official.jpg?w=600","publishedAt":"2020-02-11T09:30:29Z","content":"MoEngage, a San Francisco and Bangalore-based startup that helps firms better understand their customers and improve their engagement, has raised $25 million in a new financing round as it looks to grow its network in Asian markets.\r\nThe new financing round, … [+2472 chars]"},{"source":{"id":"reuters","name":"Reuters"},"author":"Reuters Editorial","title":"Coronavirus emergency 'holds a very grave threat' for world: WHO","description":"The coronavirus outbreak poses a \"very grave threat for the rest of the world\", the head of the World Health Organization (WHO) said on Tuesday in an appeal for sharing virus samples and speeding up research into drugs and vaccines.","url":"http://feeds.reuters.com/~r/reuters/topNews/~3/NmpdafaOTLo/coronavirus-emergency-holds-a-very-grave-threat-for-world-who-idUSKBN2050YV","urlToImage":"https://s3.reutersmedia.net/resources/r/?m=02&d=20200211&t=2&i=1488727195&w=1200&r=LYNXMPEG1A0SM","publishedAt":"2020-02-11T09:27:13Z","content":"GENEVA (Reuters) - The coronavirus outbreak poses a “very grave threat for the rest of the world”, the head of the World Health Organization (WHO) said on Tuesday in an appeal for sharing virus samples and speeding up research into drugs and vaccines. \r\n“With… [+425 chars]"},{"source":{"id":"the-washington-post","name":"The Washington Post"},"author":null,"title":"Coronavirus live updates: Ambulances wait to take patients off virus-ravaged cruise ship","description":"In the Wuhan epicenter authorities are tightening restrictions on residents to prevent the virus from spreading, as deaths in China top 1,000.","url":"https://www.washingtonpost.com/world/asia_pacific/coronavirus-china-live-updates/2020/02/11/2b8de3ba-4c5c-11ea-b721-9f4cdc90bc1c_story.html#link-5XLYXIAADQ52FBE5LVSS76YM3A","urlToImage":"https://www.washingtonpost.com/resizer/qi5QKnDx9HhUjKNg2IFJzAPxpd4=/1440x0/smart/arc-anglerfish-washpost-prod-washpost.s3.amazonaws.com/public/VUNAF2SMQEI6VG245LC3C3NPVI.jpg","publishedAt":"2020-02-11T09:23:51.0632058Z","content":"BEIJING Chinas Internet supervisor called on Tuesday for stricter controls on personal information, after the widespread leaking of the personal details of people from Wuhan, those who had visited the city and anyone else infected with coronavirus.\r\nPeople re… [+2017 chars]"},{"source":{"id":"reuters","name":"Reuters"},"author":"Tim McLaughlin","title":"Midnight vote tradition lives on in New Hampshire mountain hamlet","description":"As they have for six decades, the residents of the mountain hamlet of Dixville Notch cast the first ballots in the New Hampshire primary just after midnight on Tuesday, picking former New York City Michael Bloomberg as their choice for Democratic nominee.","url":"http://feeds.reuters.com/~r/reuters/topNews/~3/zgAPHhLlQ5E/midnight-vote-tradition-lives-on-in-new-hampshire-mountain-hamlet-idUSKBN2050HR","urlToImage":"https://s3.reutersmedia.net/resources/r/?m=02&d=20200211&t=2&i=1488722502&w=1200&r=LYNXMPEG1A0HO","publishedAt":"2020-02-11T09:13:27Z","content":"DIXVILLE NOTCH, N.H. (Reuters) - As they have for six decades, the residents of the mountain hamlet of Dixville Notch cast the first ballots in the New Hampshire primary just after midnight on Tuesday, picking former New York City Michael Bloomberg as their c… [+2708 chars]"},{"source":{"id":"techcrunch","name":"TechCrunch"},"author":"Steve O'Hear","title":"Oxx, a new European VC dedicated to SaaS, raises $133M fund","description":"Oxx, a relatively new European venture capital firm founded by Richard Anton and Mikael Johnsson, has raised $133 million to back “Europe’s most promising SaaS companies” at Series A and beyond. Headquartered in London and Stockholm, the VC is pitching itself…","url":"https://techcrunch.com/2020/02/11/oxx-vc/","urlToImage":"https://techcrunch.com/wp-content/uploads/2020/02/About-Richard-Mikael.jpg?w=600","publishedAt":"2020-02-11T09:00:13Z","content":"Oxx, a relatively new European venture capital firm founded by Richard Anton and Mikael Johnsson, has raised $133 million to back “Europes most promising SaaS companies” at Series A and beyond.\r\nHeadquartered in London and Stockholm, the VC is pitching itself… [+2384 chars]"},{"source":{"id":"usa-today","name":"USA Today"},"author":null,"title":"A decade of change 2010-2020: LGBTQ equality report shows leaps forward amid a backlash","description":"A new report out Tuesday documents the progress and the pitfalls in the effort to advance civil rights for the LGBTQ community from 2010 to 2020.","url":"https://www.usatoday.com/story/news/nation/2020/02/11/lgbtq-equality-map-report-shows-advances-challenges-2010-2020/4667911002/","urlToImage":"https://www.gannett-cdn.com/presto/2020/02/05/USAT/5d40fcf7-047b-44c6-8135-849813f692ce-XXX__JG_138297_SCOTUS_LGBTQ_10-8-2019_jmg_14369.JPG?crop=5567,3132,x0,y0&width=3200&height=1801&format=pjpg&auto=webp","publishedAt":"2020-02-11T09:00:10+00:00","content":"In 2010, no states outlawed conversion therapy for LGBTQ minors, forbid health insurers from excluding transgender-related coverage or offered gender neutral options on licenses and birth certificates.\r\nTen years later at the dawn of a new decade, roughly 20 … [+8176 chars]"},{"source":{"id":"bbc-news","name":"BBC News"},"author":"BBC News","title":"Ladysmith Black Mambazo's Joseph Shabalala dies","description":"The musician founded the world-famous South African choral group and directed it for 50 years.","url":"http://www.bbc.co.uk/news/entertainment-arts-51458177","urlToImage":"https://ichef.bbci.co.uk/news/1024/branded_news/11CBE/production/_110849827_e825b910-24a3-4210-82dd-0d3c06860fd5.jpg","publishedAt":"2020-02-11T08:59:32Z","content":"Image copyrightGetty ImagesImage caption\r\n Joseph Shabalala with members of Ladysmith Black Mambazo in 1998\r\nJoseph Shabalala, who helped introduce the sound of traditional Zulu music to the world, has died aged 78.\r\nThe musician was best known as the founder… [+900 chars]"},{"source":{"id":"cnbc","name":"CNBC"},"author":"Sam Meredith","title":"'A Frankenstein creation': Saudi prince says US peace plan takes away Palestine's heart and soul","description":"The U.S. unveiled its long-awaited peace initiative for an Israeli-Palestinian deal with great fanfare late last month.","url":"https://www.cnbc.com/2020/02/11/middle-east-peace-plan-saudi-prince-sharply-criticizes-trump-proposal.html","urlToImage":"https://image.cnbcfm.com/api/v1/image/106384174-1581411177601gettyimages-491014694.jpeg?v=1581411279","publishedAt":"2020-02-11T08:57:55Z","content":"President Donald Trump's Middle East peace plan is a \"monstrous conception\" of a Palestinian state that is not going to progress any further, according to a former chief of Saudi intelligence.\r\nThe U.S. unveiled its long-awaited peace initiative for an Israel… [+2258 chars]"},{"source":{"id":"the-washington-post","name":"The Washington Post"},"author":null,"title":"Coronavirus live updates: Ambulances wait to take patients off virus-ravaged cruise ship","description":"In the Wuhan epicenter authorities are tightening restrictions on residents to prevent the virus from spreading, as deaths in China top 1,000.","url":"https://www.washingtonpost.com/world/asia_pacific/coronavirus-china-live-updates/2020/02/11/2b8de3ba-4c5c-11ea-b721-9f4cdc90bc1c_story.html#link-ROUXKQT4JQ6NPJKBQ2YDFVUS7U","urlToImage":"https://www.washingtonpost.com/resizer/qi5QKnDx9HhUjKNg2IFJzAPxpd4=/1440x0/smart/arc-anglerfish-washpost-prod-washpost.s3.amazonaws.com/public/VUNAF2SMQEI6VG245LC3C3NPVI.jpg","publishedAt":"2020-02-11T08:54:36.6716931Z","content":"BEIJING Chinas Internet supervisor called on Tuesday for stricter controls on personal information, after the widespread leaking of the personal details of people from Wuhan, those who had visited the city and anyone else infected with coronavirus.\r\nPeople re… [+2017 chars]"},{"source":{"id":"the-washington-post","name":"The Washington Post"},"author":null,"title":"Coronavirus live updates: Ambulances wait to take patients off virus-ravaged cruise ship","description":"In the Wuhan epicenter authorities are tightening restrictions on residents to prevent the virus from spreading, as deaths in China top 1,000.","url":"https://www.washingtonpost.com/world/asia_pacific/coronavirus-china-live-updates/2020/02/11/2b8de3ba-4c5c-11ea-b721-9f4cdc90bc1c_story.html#link-DNYYZ7YBEMZGNIHI5VNTPU7ZJQ","urlToImage":"https://www.washingtonpost.com/resizer/qi5QKnDx9HhUjKNg2IFJzAPxpd4=/1440x0/smart/arc-anglerfish-washpost-prod-washpost.s3.amazonaws.com/public/VUNAF2SMQEI6VG245LC3C3NPVI.jpg","publishedAt":"2020-02-11T08:54:24.5320511Z","content":"BEIJING Chinas Internet supervisor called on Tuesday for stricter controls on personal information, after the widespread leaking of the personal details of people from Wuhan, those who had visited the city and anyone else infected with coronavirus.\r\nPeople re… [+2017 chars]"},{"source":{"id":"associated-press","name":"Associated Press"},"author":"SAMYA KULLAB","title":"Iraqis wake up to snow for first time in over a decade","description":"BAGHDAD (AP) — Iraq's capital of Baghdad awoke on Tuesday to a sight not seen in over a decade — their city covered in snow. It was a rare moment of respite during which residents took...","url":"https://apnews.com/ac9350b8bf6cdaf9c4f40c60edb3eb24","urlToImage":"https://storage.googleapis.com/afs-prod/media/5439e6836a854c9ab159de903f7f069b/3000.jpeg","publishedAt":"2020-02-11T08:48:37Z","content":null},{"source":{"id":"cbs-news","name":"CBS News"},"author":"Pamela Falk","title":"North Korea still enhancing its nuclear program and evading sanctions, U.N. report says","description":"The report says Pyongyang has continued those activities unabated. It will be submitted to the U.N. Security Council next month.","url":"https://www.cbsnews.com/news/north-korea-enhanced-its-illicit-nuclear-ballistic-missile-program-un-report-says/","urlToImage":"https://cbsnews1.cbsistatic.com/hub/i/r/2019/09/11/80b0b714-51fa-4163-bc42-a7196a79ca8e/thumbnail/1200x630/1b9fd6494582db323a9d4f61b88c4bc4/2019-09-10t212611z-343713751-rc16f0d16960-rtrmadp-3-northkorea-missiles.jpg","publishedAt":"2020-02-11T08:48:12+00:00","content":"United Nations — North Korea has \"continued to enhance\" its \"illicit nuclear and ballistic missile\" programs, violating United Nations Security Council resolutions and evading financial sanctions as it does, according to a still-unpublished report by U.N. exp… [+3838 chars]"},{"source":{"id":"usa-today","name":"USA Today"},"author":null,"title":"New Hampshire primary, coronavirus, Westminster dog show: 5 things you need to know Tuesday","description":"The New England state's primary gets Democrats closer to a nominee, we'll find out who is best in show at Westminster and more to start your Tuesday.","url":"https://www.usatoday.com/story/news/2020/02/11/new-hampshire-primary-westminster-dog-show-5-things-know-tuesday/4712033002/","urlToImage":"https://www.gannett-cdn.com/presto/2020/02/11/USAT/e0bbe18f-5745-4814-892b-975ee94f7f10-GTY_1204339784.JPG?crop=4367,2457,x0,y222&width=3200&height=1801&format=pjpg&auto=webp","publishedAt":"2020-02-11T08:46:16+00:00","content":"New Hampshire primary gets Democrats one step closer to nominee\r\nVoters in New Hampshire will head to the polls Tuesday for the state's first-in-the-nation primary as Democratic presidential candidates continue to vie for last-minute support. Riding momentum … [+3891 chars]"},{"source":{"id":"the-next-web","name":"The Next Web"},"author":"Ivan Mehta","title":"Everyone should have this stupidly simple reminder app for Mac","description":"I've used tons of reminder apps to keep up with tasks I need to complete. However, one of the biggest problems is that I grow out of the habit of using that app. So for some pressing ...","url":"https://thenextweb.com/apps/2020/02/11/remember-is-an-app-that-lets-you-set-reminders-from-macos-spotlight/","urlToImage":"https://img-cdn.tnwcdn.com/image/tnw?filter_last=1&fit=1280%2C640&url=https%3A%2F%2Fcdn0.tnwcdn.com%2Fwp-content%2Fblogs.dir%2F1%2Ffiles%2F2020%2F02%2FScreenshot-2020-02-11-at-1.40.52-PM.png&signature=76834eec10b4de992ee55b09fbb98015","publishedAt":"2020-02-11T08:44:18Z","content":"Ive used tons of reminder apps to keep up with tasks I need to complete. However, one of the biggest problems is that I grow out of the habit of using that app. So for some pressing reminders, I just use Google Assistant or Siri. But they arent really useful … [+1189 chars]"},{"source":{"id":"the-next-web","name":"The Next Web"},"author":"Matthew Beedham","title":"Future of fast Ford in doubt amid CO2 regulations","description":"Amid growing regulations, the future of the super hot Ford Focus RS is in doubt.\r\n\r\nAccording to Autocar, Ford bosses are banking on its engineers to make a \"high-output, full-hybrid\" ...","url":"https://thenextweb.com/cars/2020/02/11/co2-regulations-hold-up-the-crazy-fast-ford-focus-rs-until-2022/","urlToImage":"https://img-cdn.tnwcdn.com/image/tnw?filter_last=1&fit=1280%2C640&url=https%3A%2F%2Fcdn0.tnwcdn.com%2Fwp-content%2Fblogs.dir%2F1%2Ffiles%2F2020%2F02%2Fford-focus-rs-engineering-delay-hybrid-mild-full-emissions-eu-regulations-co2.jpg&signature=0cbec2c7a23c4b1e0a4c5819d5c6cadc","publishedAt":"2020-02-11T08:42:25Z","content":"Amid growing emissions regulations, the future of the super-hot Ford Focus RS is in doubt.\r\nAccording to Autocar, Ford bosses are banking on its engineers to make a high-output, full-hybrid drivetrain for the new Focus RS in order to meet average fleet CO2 em… [+1746 chars]"},{"source":{"id":"reuters","name":"Reuters"},"author":"David Stanway","title":"Coronavirus death toll surges past 1,000 as fears grow for Chinese economy","description":"The death toll from China's coronavirus epidemic has soared past 1,000, the government said on Tuesday, as worry grew that the extent of economic disruption to the world's second-largest economy was greater than estimated.","url":"http://feeds.reuters.com/~r/reuters/topNews/~3/ZO0gD-hP8H4/coronavirus-death-toll-surges-past-1000-as-fears-grow-for-chinese-economy-idUSKBN20504Y","urlToImage":"https://s3.reutersmedia.net/resources/r/?m=02&d=20200211&t=2&i=1488706033&w=1200&r=LYNXMPEG1A0NN","publishedAt":"2020-02-11T08:40:34Z","content":"SHANGHAI (Reuters) - The death toll from China’s coronavirus epidemic has soared past 1,000, the government said on Tuesday, as worry grew that the extent of economic disruption to the world’s second-largest economy was greater than estimated. \r\nCompanies str… [+5379 chars]"},{"source":{"id":"abc-news","name":"ABC News"},"author":"Jon Haworth","title":"Man dies stepping on power line he downed after surviving car crash","description":"","url":"https://abcnews.go.com/US/man-dies-stepping-power-line-downed-surviving-car/story?id=68902581","urlToImage":"https://s.abcnews.com/images/US/GarnicaCrash_hpMain_16x9_992.jpg","publishedAt":"2020-02-11T08:38:44Z","content":"A 20-year-old man who survived a crash into a utility pole died after he was electrocuted when stepping out of his vehicle and onto the downed power line.\r\nThe incident happened late Saturday night in Texas City, Texas when Garnica and his girlfriend were dri… [+1250 chars]"},{"source":{"id":"associated-press","name":"Associated Press"},"author":"ARITZ PARRA","title":"Spain searches for 67 missing at sea, rescues 119 others","description":"MADRID (AP) — Spain on Tuesday resumed the search for 67 migrants missing from a boat trying to reach European shores a day after maritime authorities rescued 119 others from cold Mediterranean...","url":"https://apnews.com/49ca277d5e03ba5b35bd93f343ba77f3","urlToImage":"https://storage.googleapis.com/afs-prod/media/05b5a6c9242546a6acf69b0a75e4eba7/3000.jpeg","publishedAt":"2020-02-11T08:29:09Z","content":null},{"source":{"id":"nbc-news","name":"NBC News"},"author":"Mark Murray, Carrie Dann","title":"How does the New Hampshire primary work?","description":"How does the New Hampshire primary work? 2020 New Hampshire primary date, time and other questions answered.","url":"https://www.nbcnews.com/politics/2020-election/how-does-new-hampshire-primary-work-n1130576","urlToImage":"https://media3.s-nbcnews.com/j/newscms/2020_06/3214256/200203-new-hampshire-campaign-event-buttigieg-ew-340p_abf6c9c1f3f56b35f224b480a364e21b.nbcnews-fp-1200-630.jpg","publishedAt":"2020-02-11T08:19:10Z","content":"Tuesday marks the New Hampshire primary, the second Democratic contest of the 2020 presidential cycle.\r\nAfter last week's chaotic Iowa caucuses, campaigns are looking to the Granite State for more clarity on the race.\r\nHere's what you need to know about how t… [+3626 chars]"},{"source":{"id":"cnbc","name":"CNBC"},"author":"Sam Meredith","title":"Treasury yields tick higher ahead of Fed Chair Powell's testimony","description":"U.S. government debt prices were lower Tuesday morning, as investors await testimony from Federal Reserve Chairman Jerome Powell.","url":"https://www.cnbc.com/2020/02/11/us-bonds-treasury-yields-and-jerome-powells-testimony-in-focus.html","urlToImage":"https://image.cnbcfm.com/api/v1/image/106362315-1580327079040pow.jpg?v=1580327121","publishedAt":"2020-02-11T08:15:26Z","content":"At 3:15 a.m. ET, the benchmark 10-year Treasury note, which moves inversely to price, was higher at around 1.5920%, while the yield on the 30-year Treasury bond was also higher at around 2.0530%.\r\nMarket focus is largely attuned to the potential economic fall… [+1376 chars]"},{"source":{"id":"the-washington-post","name":"The Washington Post"},"author":null,"title":"Coronavirus live updates: Ambulances wait to take patients off virus-ravaged cruise ship","description":"In the Wuhan epicenter authorities are tightening restrictions on residents to prevent the virus from spreading, as deaths in China top 1,000.","url":"https://www.washingtonpost.com/world/asia_pacific/coronavirus-china-live-updates/2020/02/11/2b8de3ba-4c5c-11ea-b721-9f4cdc90bc1c_story.html#link-TS3XBHRABE53TMJD46UVUNYHWY","urlToImage":"https://www.washingtonpost.com/resizer/qi5QKnDx9HhUjKNg2IFJzAPxpd4=/1440x0/smart/arc-anglerfish-washpost-prod-washpost.s3.amazonaws.com/public/VUNAF2SMQEI6VG245LC3C3NPVI.jpg","publishedAt":"2020-02-11T08:08:28.9765841Z","content":"BEIJING Chinas Internet supervisor called on Tuesday for stricter controls on personal information, after the widespread leaking of the personal details of people from Wuhan, those who had visited the city and anyone else infected with coronavirus.\r\nPeople re… [+2017 chars]"},{"source":{"id":"reuters","name":"Reuters"},"author":"Reuters Editorial","title":"Airbus unveils 'blended wing body' plane design after secret flight tests","description":"Airbus on Tuesday unveiled a curvaceous aircraft design that blends wing and body, designed to slash carbon emissions by some 20%.","url":"http://feeds.reuters.com/~r/reuters/topNews/~3/tTIxsDTwSXA/airbus-unveils-blended-wing-body-plane-design-after-secret-flight-tests-idUSKBN20509H","urlToImage":"https://s4.reutersmedia.net/resources/r/?m=02&d=20200211&t=2&i=1488657714&w=1200&r=LYNXMPEG1A0H8","publishedAt":"2020-02-11T08:03:12Z","content":"SINGAPORE (Reuters) - Airbus (AIR.PA) on Tuesday unveiled a curvaceous aircraft design that blends wing and body, designed to slash carbon emissions by some 20%. \r\nThe European planemaker has been carrying out flight tests of a 3.2-metre-wide (10.5 feet) tech… [+1878 chars]"},{"source":{"id":"google-news","name":"Google News"},"author":"Analysis by Stephen Collinson, CNN","title":"Why Donald Trump keeps messing with the Democratic presidential race","description":"President Donald Trump just can't keep out of the Democratic presidential race.","url":"https://www.cnn.com/2020/02/11/politics/donald-trump-democratic-primary-new-hampshire/index.html","urlToImage":"https://cdn.cnn.com/cnnnext/dam/assets/200205155900-112-trump-lead-image-super-tease.jpg","publishedAt":"2020-02-11T08:03:00+00:00","content":"President Donald Trump just can't keep out of the Democratic presidential race."},{"source":{"id":"the-next-web","name":"The Next Web"},"author":"Milecia McGregor","title":"Your checklist for seamlessly taking over existing dev projects","description":"Working as a developer means you need to know how to dive into existing code bases. When you inherit a project, there are a lot of specifics that you don’t know, like why some of the code is written a certain way. So when it’s time to go into a hand off meeti…","url":"https://thenextweb.com/growth-quarters/2020/02/11/your-checklist-for-seamlessly-taking-over-existing-dev-projects/","urlToImage":"https://img-cdn.tnwcdn.com/image/growth-quarters?filter_last=1&fit=1280%2C640&url=https%3A%2F%2Fcdn0.tnwcdn.com%2Fwp-content%2Fblogs.dir%2F1%2Ffiles%2F2020%2F02%2FYour-checklist-for-seamlessly-taking-over-existing-dev-projects.png&signature=5d51f4b8f76a1f52f3037ca922b35a76","publishedAt":"2020-02-11T08:00:28Z","content":"Working as a developer means you need to know how to dive into existing code bases. When you inherit a project, there are a lot of specifics that you dont know, like why some of the code is written a certain way. So when its time to go into a hand off meeting… [+8145 chars]"},{"source":{"id":"usa-today","name":"USA Today"},"author":null,"title":"‘I'll probably take a hit here.","description":"Former Vice President Joe Biden has touted his ability to beat President Donald Trump among his top selling points to Democrats.","url":"https://www.usatoday.com/story/news/politics/elections/2020/02/11/new-hampshire-primary-joe-biden-struggles-polls-faces-big-test/4712965002/","urlToImage":"https://www.gannett-cdn.com/presto/2020/02/10/USAT/73a7906b-97ae-4947-aca8-c60aea85bdde-AP_Election_2020_Joe_Biden_2.JPG?crop=5014,2820,x0,y299&width=3200&height=1680&fit=bounds","publishedAt":"2020-02-11T08:00:09+00:00","content":"Pete Buttigieg, Senator Bernie Sanders, Joe Biden and Senator Elizabeth Warren were among the Democrats campaigning across New Hampshire ahead of Tuesday's presidential primary. (Feb. 9)\r\nAP Domestic\r\nGILFORD, N.H. Joe Biden has frequently cited his electabil… [+5436 chars]"},{"source":{"id":"techcrunch","name":"TechCrunch"},"author":"Catherine Shu","title":"Judge rejects Uber and Postmates' request for an injunction against California's gig worker law","description":"A U.S District court judge has rejected Uber and Postmates’ request for a preliminary injunction against a California bill mandating how independent contractors are classified. The request was made as part of lawsuit filed by the companies, along with two rid…","url":"https://techcrunch.com/2020/02/10/judge-rejects-uber-and-postmates-request-for-an-injunction-against-californias-gig-worker-law/","urlToImage":"https://techcrunch.com/wp-content/uploads/2019/12/GettyImages-172251769.jpg?w=518","publishedAt":"2020-02-11T07:50:35Z","content":"A U.S District court judge has rejected Uber and Postmates request for a preliminary injunction against a California bill mandating how independent contractors are classified. The request was made as part of lawsuit filed by the companies, along with two ride… [+2167 chars]"},{"source":{"id":"reuters","name":"Reuters"},"author":"Alasdair Pal","title":"India's ruling party routed in key state election","description":"India's ruling party was projected to lose a key state election on Tuesday, the vote count showed, in its first electoral test since deadly anti-government protests erupted nearly two months ago.","url":"http://feeds.reuters.com/~r/reuters/topNews/~3/oC0lFfNEElw/indias-ruling-party-routed-in-key-state-election-idUSKBN2050OS","urlToImage":"https://s4.reutersmedia.net/resources/r/?m=02&d=20200211&t=2&i=1488690989&w=1200&r=LYNXMPEG1A0L8","publishedAt":"2020-02-11T07:39:05Z","content":"NEW DELHI (Reuters) - India’s ruling party was projected to lose a key state election on Tuesday, the vote count showed, in its first electoral test since deadly anti-government protests erupted nearly two months ago. \r\nThe Hindu-nationalist Bharatiya Janata … [+2121 chars]"},{"source":{"id":"abc-news","name":"ABC News"},"author":"JIM GOMEZ Associated Press","title":"Philippines notifies US of intent to end major security pact","description":"","url":"https://abcnews.go.com/US/wireStory/philippines-notifies-us-intent-end-major-security-pact-68901450","urlToImage":"null","publishedAt":"2020-02-11T07:37:25Z","content":"MANILA, Philippines -- \r\nThe Philippines notified the United States on Tuesday it intended to end a major security pact allowing American forces to train in the country in the most serious threat to their treaty alliance under President Rodrigo Duterte.\r\nFore… [+5231 chars]"},{"source":{"id":"cnbc","name":"CNBC"},"author":"Elliot Smith","title":"US futures point to higher open on Wall Street with virus and earnings in focus","description":"U.S. stock index futures are pointing to a higher open on Wall Street Tuesday as stocks look to continue Monday's rally.","url":"https://www.cnbc.com/2020/02/11/us-futures-point-to-higher-open-on-wall-street-with-virus-and-earnings-in-focus.html","urlToImage":"https://image.cnbcfm.com/api/v1/image/106376343-1580992581049rts30t3p.jpg?v=1580992655","publishedAt":"2020-02-11T07:32:13Z","content":"U.S. stock index futures are pointing to a higher open on Wall Street Tuesday as stocks look to continue Monday's rally.\r\nAt around 2:30 a.m. ET, Dow futures were up 57 points and indicated an implied positive open of more than 70 points, while futures on the… [+1305 chars]"},{"source":{"id":"google-news","name":"Google News"},"author":"Jon Passantino, CNN","title":"First US evacuee infected with coronavirus was mistakenly released from hospital","description":"The first US evacuee from China known to be infected with the Wuhan coronavirus was mistakenly released from a San Diego hospital after an initial test found the person had not been infected, local health officials said Monday.","url":"https://www.cnn.com/2020/02/10/health/evacuee-wuhan-coronavirus-mistakenly-released/index.html","urlToImage":"https://cdn.cnn.com/cnnnext/dam/assets/200210135906-coronavirus-cell-super-tease.jpg","publishedAt":"2020-02-11T07:25:00+00:00","content":"(CNN)The first US evacuee from China known to be infected with the Wuhan coronavirus was mistakenly released from a San Diego hospital after an initial test found the person had not been infected, local health officials said Monday.\r\nThe patient arrived in th… [+1200 chars]"},{"source":{"id":"associated-press","name":"Associated Press"},"author":"JOHN LEICESTER and DAKE KANG","title":"Virus storytellers challenge China's official narrative","description":"BEIJING (AP) — After nearly a week of roaming China's epidemic-struck city, filming the dead and the sickened in overwhelmed hospitals, the strain of being hounded by both the new virus and the...","url":"https://apnews.com/8455474af114e6b298cec8cd5da65b65","urlToImage":"https://storage.googleapis.com/afs-prod/media/158757abc2f44995801cf252040bb1f0/3000.jpeg","publishedAt":"2020-02-11T07:16:05Z","content":null},{"source":{"id":"bbc-news","name":"BBC News"},"author":"BBC News","title":"Aboriginal Australians 'not alien under the law'","description":"The landmark High Court ruling means Aboriginal people who are foreign citizens cannot be deported.","url":"http://www.bbc.co.uk/news/world-australia-51455256","urlToImage":"https://ichef.bbci.co.uk/news/1024/branded_news/789A/production/_110847803_australi-1.jpg","publishedAt":"2020-02-11T07:09:22Z","content":"Image copyrightABC News/Love familyImage caption\r\n Both Thoms (left) and Love have lived in Australia since they were children\r\nAustralia's High Court has said Aboriginal people hold a special status under the law so cannot be deported - even if they are not … [+4501 chars]"},{"source":{"id":"the-washington-post","name":"The Washington Post"},"author":null,"title":"Coronavirus live updates: Ambulances wait to take patients off virus-ravaged cruise ship","description":"Some 135 people on the Diamond Princess have been infected. In Wuhan, meanwhile, authorities tightened restrictions on residents to prevent the virus from spreading.","url":"https://www.washingtonpost.com/world/asia_pacific/coronavirus-china-live-updates/2020/02/11/2b8de3ba-4c5c-11ea-b721-9f4cdc90bc1c_story.html#link-PRLXUMFWGQZJBOCFRHYBJNQXDE","urlToImage":"https://www.washingtonpost.com/resizer/qi5QKnDx9HhUjKNg2IFJzAPxpd4=/1440x0/smart/arc-anglerfish-washpost-prod-washpost.s3.amazonaws.com/public/VUNAF2SMQEI6VG245LC3C3NPVI.jpg","publishedAt":"2020-02-11T07:08:58.9354386Z","content":"MANILA The Philippines widened travel restrictions amid the coronavirus outbreak to include a ban on arrivals from Taiwan, the self-ruled island over which China asserts sovereignty, leaving hundreds of Taiwanese reportedly stranded.\r\nPhilippine immigration o… [+1733 chars]"},{"source":{"id":"the-washington-post","name":"The Washington Post"},"author":null,"title":"Coronavirus live updates: Ambulances wait to take patients off virus-ravaged cruise ship","description":"Some 135 people on the Diamond Princess have been infected. In Wuhan, meanwhile, authorities tightened restrictions on residents to prevent the virus from spreading.","url":"https://www.washingtonpost.com/world/asia_pacific/coronavirus-china-live-updates/2020/02/11/2b8de3ba-4c5c-11ea-b721-9f4cdc90bc1c_story.html#link-4Z3HWQ25O44FVBIY7RX5AHGZ6I","urlToImage":"https://www.washingtonpost.com/resizer/qi5QKnDx9HhUjKNg2IFJzAPxpd4=/1440x0/smart/arc-anglerfish-washpost-prod-washpost.s3.amazonaws.com/public/VUNAF2SMQEI6VG245LC3C3NPVI.jpg","publishedAt":"2020-02-11T07:08:49.5254123Z","content":"MANILA The Philippines widened travel restrictions amid the coronavirus outbreak to include a ban on arrivals from Taiwan, the self-ruled island over which China asserts sovereignty, leaving hundreds of Taiwanese reportedly stranded.\r\nPhilippine immigration o… [+1733 chars]"},{"source":{"id":"techcrunch","name":"TechCrunch"},"author":"Steve O'Hear","title":"Revolut uses 'open banking' to let you aggregate other bank account data within its app","description":"Revolut, the European banking and money transfer app that now claims over 10 million customers, has partnered with open banking API provider TrueLayer to add bank account aggregation features to its app. The new functionality means that Revolut’s U.K. custome…","url":"https://techcrunch.com/2020/02/10/revolut-truelayer/","urlToImage":"https://techcrunch.com/wp-content/uploads/2020/02/In-situ_1.jpg?w=600","publishedAt":"2020-02-11T07:00:07Z","content":"Revolut, the European banking and money transfer app that now claims over 10 million customers, has partnered with open banking API provider TrueLayer to add bank account aggregation features to its app.\r\nThe new functionality means that Revolut’s U.K. custom… [+2141 chars]"},{"source":{"id":"techcrunch","name":"TechCrunch"},"author":"Catherine Shu","title":"Google's head of human resources is stepping down","description":"Google’s head of human resources is resigning, the company announced today. Google said Eileen Naughton, who joined Google in 2006 and became its vice president of people operations four years ago, will move to a different role at the company, but did not say…","url":"https://techcrunch.com/2020/02/10/googles-head-of-human-resources-is-stepping-down/","urlToImage":"https://techcrunch.com/wp-content/uploads/2020/01/GettyImages-1192414131.jpg?w=601","publishedAt":"2020-02-11T06:51:34Z","content":"Google’s head of human resources is resigning, the company announced today. Google said Eileen Naughton, who joined Google in 2006 and became its vice president of people operations four years ago, will move to a different role at the company, but did not say… [+1678 chars]"},{"source":{"id":"abc-news","name":"ABC News"},"author":"The Associated Press","title":"Nearly 200 evacuees to leave coronavirus quarantine in US","description":"","url":"https://abcnews.go.com/Health/wireStory/200-evacuees-leave-coronavirus-quarantine-us-68901452","urlToImage":"https://s.abcnews.com/images/Health/WireAP_b4084cd0c93b42f3a540179e75c2e2be_16x9_992.jpg","publishedAt":"2020-02-11T06:49:13Z","content":"RIVERSIDE, Calif. -- \r\nNearly 200 evacuees prepared Tuesday to end their two-week quarantine at a Southern California military base where they have been living since flying out of China during a deadly viral outbreak.\r\nNone of those who flew into March Air Re… [+2795 chars]"},{"source":{"id":"cbs-news","name":"CBS News"},"author":"CBS News","title":"Trump, Pence attend dignifted transfer of 2 slain U.S. troops","description":"The soldiers were killed in Afghanistan and their bodies were transferred to their families at Dover Air Force Base in Delaware.","url":"https://www.cbsnews.com/news/trump-pence-attend-dover-air-force-base-dignified-transfer-2-us-troops-slain-afghanistan/","urlToImage":"https://cbsnews1.cbsistatic.com/hub/i/r/2020/02/11/4b320f10-ddd9-4d92-afa3-8a084bf7d60d/thumbnail/1200x630/d5437f3721a53d51e8c2f7a4e9a0db83/2020-02-11t061448z-742036736-rc26ye9yvyly-rtrmadp-3-usa-military.jpg","publishedAt":"2020-02-11T06:39:44+00:00","content":"Dover Air Force Base, Delaware — President Trump traveled here Monday to pay respects to two U.S. soldiers killed Saturday in Afghanistan when a soldier dressed in an Afghan army uniform opened fire with a machine gun.\r\nThe Defense Department identified the d… [+3178 chars]"},{"source":{"id":"associated-press","name":"Associated Press"},"author":"JIM GOMEZ","title":"Philippines notifies US of intent to end major security pact","description":"MANILA, Philippines (AP) — The Philippines notified the United States on Tuesday it intended to end a major security pact allowing American forces to train in the country in the most serious...","url":"https://apnews.com/969de0066e93fbc26a4e258b7b7eca1d","urlToImage":"https://storage.googleapis.com/afs-prod/media/e91f01efd7da4325bb71fa364c21b7ee/3000.jpeg","publishedAt":"2020-02-11T06:39:43Z","content":null},{"source":{"id":"the-next-web","name":"The Next Web"},"author":"Ivan Mehta","title":"Data of all 6.5 million Israeli voters reportedly exposed","description":"A flaw in an app called Elector, used Israeli Prime Minister Benjamin Netanyahu and his Likud party, exposed data of all 6.5 million registered voters of the country. A report by ...","url":"https://thenextweb.com/security/2020/02/11/data-of-all-6-5-million-israeli-voters-reportedly-exposed/","urlToImage":"https://img-cdn.tnwcdn.com/image/tnw?filter_last=1&fit=1280%2C640&url=https%3A%2F%2Fcdn0.tnwcdn.com%2Fwp-content%2Fblogs.dir%2F1%2Ffiles%2F2020%2F02%2FIsrael-flags.jpg&signature=7575103309143328ed59aa6cff64930f","publishedAt":"2020-02-11T06:26:21Z","content":"A flaw in an app called Elector, used by Israeli Prime Minister Benjamin Netanyahu and his Likud party, exposed data of all 6.5 million registered voters of the country. A report by Israeli outlet Haaretz published on Sunday, suggested the data included perso… [+1000 chars]"},{"source":{"id":"google-news","name":"Google News"},"author":"Gregory Krieg and Lauren Dezenski, CNN","title":"Amy Klobuchar leads midnight vote in New Hampshire","description":"Minnesota Sen. Amy Klobuchar won the most votes when a little more than two dozen New Hampshire residents in three tiny townships cast their ballots shortly after midnight in Tuesday's first-in-the-nation primary.","url":"https://www.cnn.com/2020/02/10/politics/dixville-notch-new-hampshire-primary/index.html","urlToImage":"https://cdn.cnn.com/cnnnext/dam/assets/200210205054-dixville-notch-sign-2016-super-tease.jpg","publishedAt":"2020-02-11T06:26:00+00:00","content":"Minnesota Sen. Amy Klobuchar won the most votes when a little more than two dozen New Hampshire residents in three tiny townships cast their ballots shortly after midnight in Tuesday's first-in-the-nation primary."},{"source":{"id":"cnn","name":"CNN"},"author":null,"title":"GOP Gov. Sununu: This is why Bernie Sanders will do well in New Hampshire  - CNN Video","description":"Gov. Chris Sununu (R-NH) tells CNN's Chris Cuomo presidential candidates like Sen. Bernie Sanders and Donald Trump do well in New Hampshire because \"what you see is what you get.\"","url":"http://us.cnn.com/videos/politics/2020/02/11/bernie-sanders-trump-new-hampshire-primaries-governor-chris-sununu-sot-cpt-vpx.cnn","urlToImage":"https://cdn.cnn.com/cnnnext/dam/assets/200210215303-sununu-2-10-super-tease.jpg","publishedAt":"2020-02-11T06:23:31.0263502Z","content":"Chat with us in Facebook Messenger. Find out what's happening in the world as it unfolds."},{"source":{"id":"cnn","name":"CNN"},"author":null,"title":"Donald Trump voters tell CNN they might vote for this Democrat instead of the President - CNN Video","description":"CNN's Kyung Lah reports that some Republican voters, who voted for Trump in 2016, attend every event that presidential candidate Sen. Amy Klobuchar (D-MN) has held.","url":"http://us.cnn.com/videos/politics/2020/02/10/klobuchar-voters-trump-new-hampshire-primary-lah-sot-vpx.cnn","urlToImage":"https://cdn.cnn.com/cnnnext/dam/assets/200210154623-trump-voters-amy-klobuchar-new-hampshire-lah-super-tease.jpg","publishedAt":"2020-02-11T06:23:18.7615613Z","content":"Chat with us in Facebook Messenger. Find out what's happening in the world as it unfolds."},{"source":{"id":"associated-press","name":"Associated Press"},"author":"SARAH EL DEEB","title":"Syrians scramble for refuge in last opposition frontier","description":"BEIRUT (AP) — Throughout Syria’s civil war, Maad al-Khalaf helped other Syrians find shelter in the opposition enclave in the northwest as they fled government military advances around the...","url":"https://apnews.com/eccb1de354949f824c96f2fee4618af1","urlToImage":"https://storage.googleapis.com/afs-prod/media/f9c09d71c55d46a7acc65d010dd1c217/3000.jpeg","publishedAt":"2020-02-11T06:17:54Z","content":null},{"source":{"id":"techcrunch","name":"TechCrunch"},"author":"Steve O'Hear","title":"A/O PropTech offers giant sandbox for startups disrupting real estate","description":"A/O PropTech is a European VC that officially launched last week after raising €250 million in what it describes as “permanent capital” to invest in companies disrupting the €230 trillion real estate industry. This approach sees the firm structured more like …","url":"https://techcrunch.com/2020/02/10/talking-property-tech-with-a-o-proptech/","urlToImage":"https://techcrunch.com/wp-content/uploads/2020/02/GettyImages-1159521878.jpg?w=457","publishedAt":"2020-02-11T06:15:29Z","content":"A/O PropTech is a European VC that officially launched last week after raising 250 million in what it describes as permanent capital to invest in companies disrupting the 230 trillion real estate industry.\r\nThis approach sees the firm structured more like a c… [+1210 chars]"},{"source":{"id":"time","name":"Time"},"author":"Molly Ball","title":"In New Hampshire, Democratic Voters Are Paralyzed by Fear of Making the Wrong Choice","description":"New Hampshire Democrats head to the polls, many find themselves paralyzed by fear of making the wrong choice—or the sense that the right one doesn’t exist.","url":"http://time.com/5781797/new-hampshire-democratic-primary/","urlToImage":"https://api.time.com/wp-content/uploads/2020/02/new-hampshire-primary-2020.jpg?quality=85&w=1200&h=628&crop=1","publishedAt":"2020-02-11T05:57:11Z","content":"This is the room that scares the crap out of the Democratic establishment: a college gymnasium in Keene, N.H., packed to the rafters with nearly 2,000 Bernie Sanders fans joyfully noodle-dancing to a Vermont-based jam band playing a raucous cover of the Talki… [+15839 chars]"},{"source":{"id":"cnn","name":"CNN"},"author":"Gregory Krieg and Lauren Dezenski, CNN","title":"Amy Klobuchar leads midnight vote in New Hampshire","description":"Minnesota Sen. Amy Klobuchar won the most votes when a little more than two dozen New Hampshire residents in three tiny townships cast their ballots shortly after midnight in Tuesday's first-in-the-nation primary.","url":"http://us.cnn.com/2020/02/10/politics/dixville-notch-new-hampshire-primary/index.html","urlToImage":"https://cdn.cnn.com/cnnnext/dam/assets/200210205054-dixville-notch-sign-2016-super-tease.jpg","publishedAt":"2020-02-11T05:50:22Z","content":null},{"source":{"id":"associated-press","name":"Associated Press"},"author":"NICHOLAS RICCARDI","title":"What to watch in New Hampshire's primary on Tuesday night","description":"The Democratic presidential race is deeply unsettled heading into the New Hampshire primary. It may be up to the state to put some structure around the chaotic contest, with Iowa being unable to...","url":"https://apnews.com/05458e1c583cea5ef2d0ab95ed5c09e6","urlToImage":"https://storage.googleapis.com/afs-prod/media/d3eb67740b934d73a4ba9963cc859d3b/3000.jpeg","publishedAt":"2020-02-11T05:40:32Z","content":null},{"source":{"id":"associated-press","name":"Associated Press"},"author":"HOLLY RAMER","title":"Changing electorate could affect New Hampshire's primary","description":"New Hampshire has been holding the first-in-the-nation presidential primary for 100 years, but a significant number of Tuesday's ballots could be cast by newcomers to that storied...","url":"https://apnews.com/21102ecc3e8691f3c6eb3d7263eeecd6","urlToImage":"https://storage.googleapis.com/afs-prod/media/1825235c36894fe6b08e54a1819d3118/3000.jpeg","publishedAt":"2020-02-11T05:39:27Z","content":null},{"source":{"id":"associated-press","name":"Associated Press"},"author":"AAMER MADHANI","title":"Trump campaigns as 2nd Amendment warrior","description":"WASHINGTON (AP) — After the Parkland school shooting in Florida two years ago, President Donald Trump chided Republican lawmakers for being too “scared” of the National Rifle Association to...","url":"https://apnews.com/a2a8cdf5e01e5c3541f450318082652a","urlToImage":"https://storage.googleapis.com/afs-prod/media/aeb2706653cb4b228cccbf56e78d2c9f/3000.jpeg","publishedAt":"2020-02-11T05:36:15Z","content":null},{"source":{"id":"usa-today","name":"USA Today"},"author":null,"title":"Bernie Sanders draws 7,500 for raucous New Hampshire eve rally and concert - updates","description":"Democrats are making the final push in New Hampshire as Tuesday's primary approaches. The first voters head to the polls at midnight.","url":"https://www.usatoday.com/story/news/politics/elections/2020/02/10/new-hampshire-primary-democrats-make-final-pitch-granite-state-voters/4709793002/","urlToImage":"https://www.gannett-cdn.com/presto/2020/02/08/USAT/ebdafd3a-b52c-4f60-bb30-e562cfdd11fc-AP_Election_2020_Debate.JPG?crop=5223,2938,x0,y265&width=3200&height=1801&format=pjpg&auto=webp","publishedAt":"2020-02-11T05:36:15+00:00","content":"Check back for updates from the New Hampshire campaign trail today before Tuesday's primary:\r\nDURHAM, N.H. --- Before a raucous crowd of 7,500 Monday at the University of New Hampshire, Sen. Bernie Sanders called on New Hampshire voters to start a political r… [+12416 chars]"},{"source":{"id":"google-news","name":"Google News"},"author":"Richard C. Paddock, Dera Menra Sijabat","title":"Hiding From Coronavirus in Indonesia. But Is It Truly Virus-Free?","description":"Experts find it astonishing that Indonesia has yet to announce a case despite hosting some 5,000 Chinese tourists a day in Bali before halting flights last week.","url":"https://www.nytimes.com/2020/02/11/world/asia/coronavirus-indonesia-bali.html","urlToImage":"https://static01.nyt.com/images/2020/02/10/world/00indonesia-virus-1/00indonesia-virus-1-facebookJumbo.jpg","publishedAt":"2020-02-11T05:33:00+00:00","content":"But the W.H.O. country representative, Dr. Navaratnasamy Paranietharan, said Indonesia is doing its best to face the new coronavirus, including screening passengers at points of entry and equipping hospitals for the arrival of suspected or diagnosed cases.\r\nI… [+1121 chars]"},{"source":{"id":"cnn","name":"CNN"},"author":"Analysis by Zachary B. Wolf, CNN","title":"Democrats need a leader. Here's why New Hampshire matters","description":"President Donald Trump marshaled his forces Monday night with a rally in New Hampshire, where people stood in freezing rain for hours to hear him speak, just as the race among Democrats to decide who will face him in November is feeling less and less settled.","url":"http://us.cnn.com/2020/02/11/politics/what-matters-february-10/index.html","urlToImage":"https://cdn.cnn.com/cnnnext/dam/assets/200202173450-06-iowa-candidates-sanders-biden-warren-buttigieg-super-tease.jpg","publishedAt":"2020-02-11T05:24:11Z","content":null},{"source":{"id":"cnn","name":"CNN"},"author":"Analysis by Stephen Collinson, CNN","title":"Why Donald Trump keeps messing with the Democratic presidential race","description":"President Donald Trump just can't keep out of the Democratic presidential race.","url":"http://us.cnn.com/2020/02/11/politics/donald-trump-democratic-primary-new-hampshire/index.html","urlToImage":"https://cdn.cnn.com/cnnnext/dam/assets/200205155900-112-trump-lead-image-super-tease.jpg","publishedAt":"2020-02-11T05:23:19Z","content":null},{"source":{"id":"cbs-news","name":"CBS News"},"author":"Clare Hymes","title":"Justice Department New Jersey and Seattle over sanctuary policies","description":"\"Their express purpose is to shelter aliens whom local law enforcement has already arrested for other crimes.  This is neither lawful nor sensible,\" Barr said Monday.","url":"https://www.cbsnews.com/news/william-barr-sanctuary-cities-justice-department-new-jersey-and-seattle-over-sanctuary-policies/","urlToImage":"https://cbsnews2.cbsistatic.com/hub/i/r/2019/07/22/d862b1e7-ad08-4cf6-88f5-71bf973b203d/thumbnail/1200x630/93a9d5ee73b01fda2d4d18e0435962ce/gettyimages-964639668.jpg","publishedAt":"2020-02-11T05:16:17+00:00","content":"Attorney General William Barr announced that the Department of Justice is taking legal action against local and state governments from coast to coast over their sanctuary city policies. As part of the administration's crackdown on illegal immigration, Barr an… [+2877 chars]"},{"source":{"id":"hacker-news","name":"Hacker News"},"author":null,"title":"Costco Capitalism","description":null,"url":"https://www.bryanlehrer.com/entries/costco/","urlToImage":null,"publishedAt":"2020-02-11T05:07:14.9872433Z","content":"Costco Capitalism\r\n2019-12-16\r\nIt always strikes me when I run into a friend who is amused that I am a Costco member. For someone who grew up in a suburban area, even with the nearest Costco being a 45-minute drive from our house, shopping there was a no-brai… [+33170 chars]"},{"source":{"id":"google-news","name":"Google News"},"author":"Paul Steinhauser","title":"New Hampshire primary voting kicks off, with Sanders and Buttigieg locked in fierce battle","description":"New Hampshire’s presidential primary kicked off at midnight – as voters in three tiny townships in the state’s North Country and White Mountains cast the first ballots in the first primary in the White House race. Dixville Notch – which has held the midnight …","url":"https://www.foxnews.com/politics/new-hampshire-primary-voting-kicks-off-with-sanders-and-buttigieg-locked-in-fierce-battle","urlToImage":"https://cf-images.us-east-1.prod.boltdns.net/v1/static/694940094001/40e6ef4c-ead1-45b8-a492-c755489d3711/133cb144-40bf-426a-8755-a08d4f3702f3/1280x720/match/image.jpg","publishedAt":"2020-02-11T05:02:34+00:00","content":"MANCHESTER, NH – New Hampshire’s presidential primary kicked off at midnight – as voters in three tiny townships in the state’s North Country and White Mountains cast the first ballots in the first primary in the White House race.\r\nDixville Notch – which has … [+9431 chars]"},{"source":{"id":"bbc-news","name":"BBC News"},"author":"BBC News","title":"What to look for in next stage of White House race","description":"Voters in New Hampshire pick who they want to run against Donald Trump in the year's first primary.","url":"http://www.bbc.co.uk/news/world-us-canada-51408569","urlToImage":"https://ichef.bbci.co.uk/images/ic/1024x576/p080qj9c.jpg","publishedAt":"2020-02-11T05:00:53Z","content":"Media captionA 'queer individual' and a 'big hairy Trump guy' meet in New Hampshire\r\nOne week after the US election race began in chaotic fashion, the contest moves on to New Hampshire on Tuesday.\r\nVoters in the tiny north-eastern state are choosing their pre… [+4792 chars]"},{"source":{"id":"cbs-news","name":"CBS News"},"author":"Danielle Garrand","title":"Recipient of heart transplant sends teddy bear with heartbeat to donor's family","description":"\"It was so comforting and fulfilling to know he lives on. It has helped us so much to know he helped save lives.\"","url":"https://www.cbsnews.com/news/recipient-of-heart-transplant-sends-teddy-bear-with-heartbeat-to-donors-family-organ-donation/","urlToImage":"https://cbsnews1.cbsistatic.com/hub/i/r/2020/02/10/fb916f44-4676-4524-beed-c2f06063a067/thumbnail/1200x630/a722fdc40329882aeab690c6a3ec40be/best-dad-ever.png","publishedAt":"2020-02-11T04:42:09+00:00","content":"John Reid decided to donate his son Dakota's organs after the 16-year-old died in a car crash last year. This month, he got a thank you from the man who received his son's heart: A teddy bear with a very special heartbeat inside. \r\nJohn's wife Stephanie poste… [+2730 chars]"},{"source":{"id":"cbs-news","name":"CBS News"},"author":"David Morgan","title":"Notable deaths in 2020","description":"A look back at the esteemed personalities who've left us this year, who'd touched us with their innovation, creativity and humanity","url":"https://www.cbsnews.com/pictures/notable-deaths-in-2020/","urlToImage":"https://cbsnews3.cbsistatic.com/hub/i/r/2020/02/10/f88e997d-a5c5-4cf2-83a3-7e9b6147f53c/thumbnail/1200x630/8c4895eca5d1c260a9bb3e6e6653ac66/kirk-douglas-ap-8211160356.jpg","publishedAt":"2020-02-11T04:42:00+00:00","content":"He was a rugged and forceful actor known for performing with an arresting physicality, determination, courage and charm. He would on the rare occasion dip into comedy, but most of the roles played by Kirk Douglas (December 9, 1916-February 5, 2020) were chara… [+4422 chars]"},{"source":{"id":"cbs-news","name":"CBS News"},"author":"CBS News","title":"2020 presidential candidates push ahead to New Hampshire primary","description":"Senator Bernie Sanders is looking to stay ahead of Pete Buttigieg in the lead up to Tuesday's primary election in New Hampshire. CBS News 2020 campaign reporter Nicole Scganga joins CBSN to discuss what the candidates have been doing to prepare.","url":"https://www.cbsnews.com/video/2020-presidential-candidates-push-ahead-to-new-hampshire-primary/","urlToImage":"https://cbsnews3.cbsistatic.com/hub/i/r/2020/02/11/e96e52f7-6494-4c0e-9409-03cf4e18459c/thumbnail/1200x630/0e7c8bbe1e89d9c5be06835b6c19d92d/0210-cbsn-220workremain-wmb-2025078-640x360.jpg","publishedAt":"2020-02-11T04:35:37+00:00","content":"Watch CBSN Live\r\nCopyright © 2020 CBS Interactive Inc. All rights reserved."},{"source":{"id":"bbc-news","name":"BBC News"},"author":"BBC News","title":"Ireland elections: Five myths explained","description":"The BBC's Larissa Kennelly takes a look at what the results in the Republic of Ireland actually mean.","url":"http://www.bbc.co.uk/news/world-europe-51454766","urlToImage":"https://ichef.bbci.co.uk/news/1024/branded_news/2CC8/production/_110846411_p082y8jv.jpg","publishedAt":"2020-02-11T04:24:22Z","content":null},{"source":{"id":"cbs-news","name":"CBS News"},"author":"CBS News","title":"Family of heart donor receives teddy bear with deceased son’s heartbeat from organ recipient","description":"John Reid decided to donate his son's organs after the 16-year-old died in a car crash last year. This month, he got a thank you present from the man who received his son's heart: A teddy bear with a very special heartbeat.","url":"https://www.cbsnews.com/video/family-of-heart-donor-receives-teddy-bear-with-deceased-sons-heartbeat-from-organ-recipient/","urlToImage":"https://cbsnews3.cbsistatic.com/hub/i/r/2020/02/11/ad3cbb17-8306-4a6c-8626-7b0b95677ecc/thumbnail/1200x630/c2072f6efa0147dda22078d127ce15f0/teddybeardonor-2025120-640x360.jpg","publishedAt":"2020-02-11T04:20:50+00:00","content":"Watch CBSN Live\r\nCopyright © 2020 CBS Interactive Inc. All rights reserved."},{"source":{"id":"cbs-news","name":"CBS News"},"author":"CBS News","title":"Trump rally attendees on which Democrat would be his toughest opponent","description":"CBS News asked Trump rally attendees which Democratic candidate would be President Trump’s toughest opponent.","url":"https://www.cbsnews.com/video/trump-rally-attendees-on-which-democrat-would-be-his-toughest-opponent/","urlToImage":"https://cbsnews3.cbsistatic.com/hub/i/r/2020/02/11/f95dc09f-594c-471b-b324-a4c2149e1cbc/thumbnail/1200x630/8bfcd2cc2c8641105a60cc3f6d7eca4c/trumpnh-2025112-640x360.jpg","publishedAt":"2020-02-11T04:10:23+00:00","content":"CBS News asked Trump rally attendees which Democratic candidate would be President Trump’s toughest opponent."},{"source":{"id":"cbs-news","name":"CBS News"},"author":"CBS News","title":"2/10/20: CBSN Evening News","description":"Dems make final pitch ahead of NH primary;  Recovering addicts find hope through music","url":"https://www.cbsnews.com/video/21020-cbsn-evening-news/","urlToImage":"https://cbsnews1.cbsistatic.com/hub/i/r/2020/02/11/fd79e8f9-8e71-456d-9625-c5dcde41993a/thumbnail/1200x630/a087264b22b369be5d7fbf7e19e79d1e/0210-cbsn-full-2025107-640x360.jpg","publishedAt":"2020-02-11T03:57:40+00:00","content":"Dems make final pitch ahead of NH primary;  Recovering addicts find hope through music"},{"source":{"id":"the-verge","name":"The Verge"},"author":"Nick Statt","title":"Amazon’s PR chief gets combative on Twitter over media criticism","description":"Amazon PR chief Jay Carney spent his Monday evening engaging in series of escalating and increasingly combative arguments with members of the news media on Twitter regarding a Bernie Sanders-related op-ed in The New York Times. It marks a rare case of one of …","url":"https://www.theverge.com/2020/2/10/21132573/amazon-pr-chief-jay-carney-bernie-sanders-minimum-wage-media-criticism-twitter","urlToImage":"https://cdn.vox-cdn.com/thumbor/OkgDkEtLBed8QNEu9lTmBnKAtgs=/0x146:2040x1214/fit-in/1200x630/cdn.vox-cdn.com/uploads/chorus_asset/file/13443482/acastro_181114_1777_amazon_hq2_0007.jpg","publishedAt":"2020-02-11T03:56:50Z","content":"Jay Carney takes to social media to lash out at reporters\r\nIllustration by Alex Castro / The Verge\r\nAmazon PR chief Jay Carney spent his Monday evening engaging in series of escalating and increasingly combative arguments with members of the news media on Twi… [+4201 chars]"},{"source":{"id":"cbs-news","name":"CBS News"},"author":"Clare Hymes","title":"Roger Stone sentence: Federal prosecutors ask for 7 to 9 year sentence for Trump confidante","description":"In November, Stone was found guilty of all seven charges he faced in relation to former special counsel Robert Mueller's Russia investigation.","url":"https://www.cbsnews.com/news/roger-stone-sentence-federal-prosecutors-ask-for-7-9-year-sentence-for-trump-confidante-2020-02-10/","urlToImage":"https://cbsnews2.cbsistatic.com/hub/i/r/2019/08/01/c1a54512-f224-446d-9f10-bd7410b74301/thumbnail/1200x630g1/55680a97c850af099422b58fefcfc3ef/gettyimages-1162401902.jpg","publishedAt":"2020-02-11T03:46:47+00:00","content":"Federal prosecutors are asking that Roger Stone, a confidante and former campaign adviser to President Donald Trump, be sentenced to 7 to 9 years in prison. Stone was found guilty in November of all seven charges brought against him stemming from former speci… [+2062 chars]"},{"source":{"id":"recode","name":"Recode"},"author":"Theodore Schleifer","title":"Mike Bloomberg’s team asked hundreds of tech leaders for help to staff their campaign","description":"Exclusive: Bloomberg gathered hundreds of tech leaders on a call to ask for their most talented friends.","url":"https://www.vox.com/recode/2020/2/10/21132414/mike-bloomberg-silicon-valley-conference-call","urlToImage":"https://cdn.vox-cdn.com/thumbor/KvK69IIR0ZOmcz8rSir_D2AeJmI=/0x0:5777x3025/fit-in/1200x630/cdn.vox-cdn.com/uploads/chorus_asset/file/19711359/1204700271.jpg.jpg","publishedAt":"2020-02-11T03:20:10Z","content":"Mike Bloomberg is not asking Silicon Valley leaders for their money as he ramps up his presidential campaign, but he is asking them for a different kind of precious possession their employees.\r\nOn Monday, Bloombergs campaign gathered hundreds of tech leaders … [+4536 chars]"},{"source":{"id":"cnn","name":"CNN"},"author":"Eric Bradner, CNN","title":"Biden on Sanders' democratic socialism: 'What do you think Trump is going to do with that?'","description":"Former Vice President Joe Biden said Monday that Sen. Bernie Sanders' democratic socialist label would hurt Democrats' chances of winning control of the Senate in the general election if the Vermont independent is the party's presidential nominee.","url":"http://us.cnn.com/2020/02/10/politics/joe-biden-interview-bernie-sanders-democratic-socialist-cnntv/index.html","urlToImage":"https://cdn.cnn.com/cnnnext/dam/assets/200210131220-06-new-hampshire-biden-0210-super-tease.jpg","publishedAt":"2020-02-11T03:12:54Z","content":"Manchester, New Hampshire (CNN)Former Vice President Joe Biden said Monday that Sen. Bernie Sanders' democratic socialist label would hurt Democrats' chances of winning control of the Senate in the general election if the Vermont independent is the party's pr… [+3057 chars]"},{"source":{"id":"google-news","name":"Google News"},"author":"Charles Creitz","title":"Krystal Ball: Democratic establishment would rather have four more years of Trump than see Bernie elected","description":"The Washington establishment's main goal in every election is to retain their access to the levers of power and not let otherwise unaffiliated candidates like Sen. Bernie Sanders, I-Vt., take that access away, according to Krystal Ball.","url":"https://www.foxnews.com/media/democratic-establishment-trump-bernie-sanders-election","urlToImage":"https://static.foxnews.com/foxnews.com/content/uploads/2020/02/68831805-Capture.jpg","publishedAt":"2020-02-11T03:06:21+00:00","content":"The Washington establishment's main goal in every election is to retain their access to the levers of power and not let otherwise unaffiliated candidates like Sen. Bernie Sanders, I-Vt., take that access away, according to Krystal Ball.\r\nThe Hill.TV commentat… [+2310 chars]"},{"source":{"id":"nbc-news","name":"NBC News"},"author":"Erika Edwards","title":"Coronavirus case confirmed in California is 13th in the U.S.","description":"The CDC confirmed the 13th case of U.S. coronavirus in San Diego County, California. There are 13 coronavirus cases in the U.S.; this is the seventh in California.","url":"https://www.nbcnews.com/health/health-news/coronavirus-case-confirmed-san-diego-13th-u-s-n1134561","urlToImage":"https://media2.s-nbcnews.com/j/newscms/2020_07/3224996/200210-miramar-marine-corps-air-station-ac-852p_c34213463f833a81162cfbb6c0528416.nbcnews-fp-1200-630.jpg","publishedAt":"2020-02-11T03:03:00Z","content":"A case of the new coronavirus has been diagnosed in San Diego County, California, bringing the total number of cases in the U.S. to 13.\r\nThe patient had been evacuated from Wuhan, China the center of the coronavirus outbreak that has killed more than 1,000 pe… [+758 chars]"},{"source":{"id":"hacker-news","name":"Hacker News"},"author":null,"title":"Yap","description":"An ephemeral, real-time chat room.","url":"https://yap.chat/","urlToImage":"/og-image.png","publishedAt":"2020-02-11T02:37:50.3899857Z","content":null},{"source":{"id":"hacker-news","name":"Hacker News"},"author":"Christine Dodrill","title":"I was Wrong about Nix","description":"Posted on 2020 M2 10","url":"https://christine.website/blog/i-was-wrong-about-nix-2020-02-10","urlToImage":null,"publishedAt":"2020-02-11T02:22:45.1775168Z","content":"From time to time, I am outright wrong on my blog. This is one of those times.\r\nIn my last post about Nix, I didn’t see the light yet. I think I do\r\nnow, and I’m going to attempt to clarify below.\r\nLet’s talk about a more simple scenario: writing a service in… [+11115 chars]"},{"source":{"id":"the-next-web","name":"The Next Web"},"author":"Napier Lopez","title":"Video shows the Surface Duo in the wild","description":"Microsoft unveiled the Surface Duo in October to huge fanfare, but unlike most of the devices at its event, journalists didn’t really get a chance to play with the mythical Surface Phone. That was a bit disappointing given the phone isn’t due to be released u…","url":"https://thenextweb.com/plugged/2020/02/11/video-shows-the-surface-duo-in-the-wild/","urlToImage":"https://img-cdn.tnwcdn.com/image/plugged?filter_last=1&fit=1280%2C640&url=https%3A%2F%2Fcdn0.tnwcdn.com%2Fwp-content%2Fblogs.dir%2F1%2Ffiles%2F2020%2F02%2FSnag_4d6629d7.png&signature=677501ca2835aa3c2414783030f02323","publishedAt":"2020-02-11T02:08:27Z","content":"Microsoft unveiled the Surface Duo in October to huge fanfare, but unlike most of the devices at its event, journalists didnt really get a chance to play with the mythical Surface Phone. That was a bit disappointing given the phone isnt due to be released unt… [+1473 chars]"},{"source":{"id":"usa-today","name":"USA Today"},"author":null,"title":"Too soon? Our ridiculously early predictions for 2021's Oscar contenders","description":"With Netflix still out to win best picture, the 2021 Oscars could feature Spike Lee vs. Steven Spielberg. Here's an early look at possible contenders.","url":"https://www.usatoday.com/story/entertainment/movies/oscars/2020/02/10/oscars-our-ridiculously-early-predictions-2021-awards/4705586002/","urlToImage":"https://www.gannett-cdn.com/presto/2019/06/17/USAT/2bfa666d-791a-4768-9889-6763caf88f12-WestSideStory_FirstLook.jpg?crop=4927,2771,x1,y415&width=3200&height=1800&format=pjpg&auto=webp","publishedAt":"2020-02-11T01:55:58+00:00","content":"Trophies are still freshly engraved, the plant-based cuisine is still digesting, and Netflix still is without a best picture win. Now that \"Parasite\" has conquered Hollywood's biggest night and made history, it's time to start looking ahead to the 93rd Academ… [+6604 chars]"},{"source":{"id":"google-news","name":"Google News"},"author":"Julia Manchester","title":"Trump holds New Hampshire campaign rally on the eve of primary | TheHill","description":"MANCHESTER, N.H. — President Trump held a campaign rally here on the ...","url":"https://thehill.com/homenews/campaign/482456-trump-holds-campaign-rally-on-the-eve-of-the-new-hampshire-primary","urlToImage":"https://thehill.com/sites/default/files/trumpdonaldtwo_02102020getty.jpg","publishedAt":"2020-02-11T01:53:00+00:00","content":"MANCHESTER, N.H. President TrumpDonald John TrumpBrad Pitt quips he has more time to give Oscars speech than John Bolton had to testifyTrump under pressure to renew last nuke treaty with RussiaTrump to request 6 percent domestic cuts in .8 trillion budgetMORE… [+3967 chars]"},{"source":{"id":"the-hill","name":"The Hill"},"author":"Julia Manchester","title":"Trump holds New Hampshire campaign rally on the eve of primary | TheHill","description":"MANCHESTER, N.H.— President Trump held a campaign rally here on the e...","url":"http://thehill.com/homenews/campaign/482456-trump-holds-campaign-rally-on-the-eve-of-the-new-hampshire-primary","urlToImage":"https://thehill.com/sites/default/files/trumpdonaldtwo_02102020getty.jpg","publishedAt":"2020-02-11T01:53:00Z","content":"MANCHESTER, N.H. President TrumpDonald John TrumpBrad Pitt quips he has more time to give Oscars speech than John Bolton had to testifyTrump under pressure to renew last nuke treaty with RussiaTrump to request 6 percent domestic cuts in .8 trillion budgetMORE… [+3968 chars]"},{"source":{"id":"the-hill","name":"The Hill"},"author":"Jordain Carney","title":"GOP chairman says he won't hold hearing on Trump's budget: 'It turns into a diatribe' | TheHill","description":"Senate Budget Committee Chairman Mike Enzi (R-Wyo.) said he will not hold a hearing on Presi...","url":"http://thehill.com/policy/finance/482458-gop-chairman-says-he-wont-hold-hearing-on-trumps-budget-it-turns-into-a","urlToImage":"https://thehill.com/sites/default/files/enzimichael_052119gn_lead.jpg","publishedAt":"2020-02-11T01:52:35Z","content":"Trump unveiled his $4.8 trillion budget proposal on Monday. The hefty document, which was immediately panned by Democrats, breaks with an existing two-year budget deal and outlines the president's priorities heading into the November election. \"I want to enco… [+2143 chars]"},{"source":{"id":"bbc-news","name":"BBC News"},"author":"BBC News","title":"Yemen's humanitarian emergency near breaking point","description":"Aid agencies are struggling to ensure millions of Yemenis receive food crucial to their survival.","url":"http://www.bbc.co.uk/news/world-middle-east-51445539","urlToImage":"https://ichef.bbci.co.uk/news/1024/branded_news/14611/production/_110837438_5e4157874018d.jpg","publishedAt":"2020-02-11T01:50:20Z","content":"Image caption\r\n The lives of millions of Yemenis depend on food aid\r\nA crisis within the world's greatest humanitarian emergency could be reaching breaking point over the control of lifesaving aid millions of Yemenis need to survive. \r\nMajor donors and some o… [+7299 chars]"},{"source":{"id":"cnbc","name":"CNBC"},"author":"Yen Nee Lee","title":"4 charts show how SARS hit China's economy nearly 20 years ago","description":"Investors and analysts often look to the SARS outbreak in 2003 to gauge the potential economic impact from the latest coronavirus outbreak.","url":"https://www.cnbc.com/2020/02/11/coronavirus-4-charts-show-how-sars-hit-chinas-economy-in-2003.html","urlToImage":"https://image.cnbcfm.com/api/v1/image/106379992-1581108923403gettyimages-1198751542.jpeg?v=1581325968","publishedAt":"2020-02-11T01:50:00Z","content":"A Chinese man wears a protective mask as he walks during a snowfall in an empty and shuttered commercial street on February 5, 2020 in Beijing, China.\r\nThe new coronavirus believed to have first appeared in the Chinese city of Wuhan is often compared to SARS,… [+3590 chars]"},{"source":{"id":"hacker-news","name":"Hacker News"},"author":"","title":"Turing-NLG: A 17-billion-parameter language model by Microsoft - Microsoft Research","description":"Turing Natural Language Generation (T-NLG) is a 17 billion parameter language model by Microsoft that outperforms the state of the art on many downstream NLP tasks. We present a demo of the model, including its freeform generation, question answering, and sum…","url":"https://www.microsoft.com/en-us/research/blog/turing-nlg-a-17-billion-parameter-language-model-by-microsoft/","urlToImage":"https://www.microsoft.com/en-us/research/uploads/prod/2020/02/TurningNGL_Model__1400x788-5e418cff76a2a.png","publishedAt":"2020-02-11T01:49:59Z","content":null},{"source":{"id":"google-news","name":"Google News"},"author":"Katie Benner","title":"Justice Dept. Sues Over Sanctuary Laws in California, N.J. and Seattle","description":"The suits were an escalation of the Trump administration’s fight against laws that limit cooperation with federal immigration authorities.","url":"https://www.nytimes.com/2020/02/10/us/politics/justice-department-sanctuary-law.html","urlToImage":"https://static01.nyt.com/images/2020/02/10/us/politics/10dc-immig/10dc-immig-facebookJumbo.jpg","publishedAt":"2020-02-11T01:47:00+00:00","content":"Last month, the Justice Department filed a statement of support in an existing lawsuit brought by two New Jersey counties against the directive, which also requires local and state law enforcement officials to notify anyone in custody if federal immigration o… [+1294 chars]"},{"source":{"id":"google-news","name":"Google News"},"author":"Christopher Weaver","title":"Doctor Sentenced to Five Lifetime Terms for Sexually Abusing Boys","description":"Former Indian Health Service pediatrician Stanley Patrick Weber abused patients in Montana and South Dakota between 1995 and 2011","url":"https://www.wsj.com/articles/doctor-sentenced-to-five-lifetime-terms-for-sexually-abusing-boys-11581383875","urlToImage":"https://images.wsj.net/im-146469/social","publishedAt":"2020-02-11T01:45:00+00:00","content":"RAPID CITY, S.D.An Indian Health Service pediatrician who was convicted of sexually abusing young Native American boys in his care over two decades and became an emblem of the federal agencys long-term failures was sentenced Monday to five lifetime prison ter… [+6900 chars]"},{"source":{"id":"techcrunch","name":"TechCrunch"},"author":"Josh Constine","title":"Jam lets you safely share streaming app passwords","description":"Can’t afford Netflix and HBO and Spotify and Disney+…? Now there’s an app specially built for giving pals your passwords while claiming to keep your credentials safe. It’s called Jam, and the questionably legal service launched in private beta this morning. F…","url":"https://techcrunch.com/2020/02/10/share-netflix-password-app/","urlToImage":"https://techcrunch.com/wp-content/uploads/2020/02/Jam-Password-Sharing.png?w=712","publishedAt":"2020-02-11T01:27:28Z","content":"Can’t afford Netflix and HBO and Spotify and Disney+…? Now there’s an app specially built for giving pals your passwords while claiming to keep your credentials safe. It’s called Jam, and the questionably legal service launched in private beta this morning. F… [+6285 chars]"},{"source":{"id":"the-hill","name":"The Hill"},"author":"Julia Manchester","title":"Klobuchar attracts big crowds in primary's final days | TheHill","description":"MANCHESTER, N.H. — Sen. Amy Klobuchar (D-Minn.) believes her campaign is finishing strong in New...","url":"http://thehill.com/homenews/campaign/482450-klobuchar-attracts-big-crowds-in-primarys-final-days","urlToImage":"https://thehill.com/sites/default/files/klobucharamy_021020gn_lead.jpg","publishedAt":"2020-02-11T01:22:20Z","content":"MANCHESTER, N.H. Sen. Amy KlobucharAmy Jean KlobucharIn New Hampshire, high anxiety about beating Trump'Saturday Night Live' targets Democratic front-runnersSanders's New Hampshire lead holds in new CNN pollMORE (D-Minn.) believes her campaign is finishing st… [+5258 chars]"},{"source":{"id":"business-insider","name":"Business Insider"},"author":"Paayal Zaveri","title":"Slack's IBM deal escalates the fight with Microsoft for big customers - Business Insider","description":"Slack's deal with IBM is a testament to its ability to win the trust and budgets of large corporations at a critical moment.","url":"http://www.businessinsider.com/slack-ibm-customer-partnership-escalates-competition-microsoft-2020-2","urlToImage":"https://i.insider.com/5de82697fd9db2635e50a296?width=1200&format=jpeg","publishedAt":"2020-02-11T01:17:16Z","content":"Slack's deepening business with IBM, the chat app's largest customer, is a testament to its ability to win the trust and budgets of large corporations at a critical moment for the newly public company, according to industry analysts. \r\nMonday's news that IBM … [+3211 chars]"},{"source":{"id":"the-wall-street-journal","name":"The Wall Street Journal"},"author":"Christopher Weaver","title":"Doctor Sentenced to Five Lifetime Terms for Sexually Abusing Boys","description":"Former Indian Health Service pediatrician Stanley Patrick Weber abused patients in Montana and South Dakota between 1995 and 2011","url":"https://www.wsj.com/articles/doctor-sentenced-to-five-lifetime-terms-for-sexually-abusing-boys-11581383875?mod=hp_lead_pos7","urlToImage":"https://images.wsj.net/im-146469/social","publishedAt":"2020-02-11T01:17:00Z","content":"RAPID CITY, S.D.An Indian Health Service pediatrician who was convicted of sexually abusing young Native American boys in his care over two decades and became an emblem of the federal agencys long-term failures was sentenced Monday to five lifetime prison ter… [+270 chars]"}]}